cid,title,first_name,last_name,dob,gender, phone_number,email_id,e_first_name,e_last_name, e_mobile_number,e_relationship,s_first_name,s_last_name,s_dob,s_mobile_number,s_email_id
1,Mr,aaa,rrr,1/1/1990,M,12345678,aaa.rrr@gmail.com,ddd,tu,99998888,friend,ab,rs,10/10/1989,11112222,ab.rs@gmail.com
2,Mrs,bbb,sss,2/10/1990,F,12345679,bbb.sss@hotmail.com,eee,vw,99998889,mother,cd,tu,11/12/1991,11112223,cd.tu@hotmail.com
3,Mr,ccc,ttt,3/7/1991,M,12345680,ccc.ttt@gmail.com,fff,xy,99998890,father,ef,vw,10/2/1994,11112224,ef.vw@gmail.com
4,Mrs,ddd,uuu,2/4/1992,F,12345681,ddd.uuu@hotmail.com,ggg,za,99998891,sister,gh,xy,12/4/1996,11112225,gh.xy@hotmail.com
5,Mr,eee,vvv,1/1/1993,M,12345682,eee.vvv@gmail.com,hhh,bc,99998892,brother,ij,za,13/6/1998,11112226,ij.za@gmail.com
6,Mrs,fff,www,2/10/1993,F,12345683,fff.www@hotmail.com,iii,de,99998893,friend,kl,bc,13/8/2000,11112227,kl.bc@hotmail.com
7,Mr,ggg,xxx,3/7/1994,M,12345684,ggg.xxx@gmail.com,jjj,fg,99998894,mother,mn,de,14/10/2002,11112228,mn.de@gmail.com
8,Mrs,hhh,yyy,3/4/1995,F,12345685,hhh.yyy@hotmail.com,kkk,hi,99998895,father,op,fg,14/12/2004,11112229,op.fg@hotmail.com
9,Mr,iii,zzz,2/1/1996,M,12345686,iii.zzz@gmail.com,lll,jk,99998896,sister,qr,hi,14/2/2007,11112230,qr.hi@gmail.com
10,Mrs,jjj,abc,2/10/1996,F,12345687,jjj.abc@hotmail.com,mmm,lm,99998897,brother,st,jk,16/4/2009,11112231,st.jk@hotmail.com
11,Mr,kkk,def,3/7/1997,M,12345688,kkk.def@gmail.com,nnn,no,99998898,friend,uv,lm,17/6/2011,11112232,uv.lm@gmail.com
12,Mrs,lll,ghi,3/4/1998,F,12345689,lll.ghi@hotmail.com,ooo,pq,99998899,mother,wx,no,17/8/2013,11112233,wx.no@hotmail.com
13,Mr,mmm,jkl,2/1/1999,M,12345690,mmm.jkl@gmail.com,ppp,rs,99998900,father,yz,pq,18/10/2015,11112234,yz.pq@gmail.com
14,Mrs,nnn,mno,3/10/1999,F,12345691,nnn.mno@hotmail.com,qqq,tu,99998901,sister,ac,rs,18/12/2017,11112235,ac.rs@hotmail.com
15,Mr,ooo,pqr,3/7/2000,M,12345692,ooo.pqr@gmail.com,aaa,vw,99998902,brother,bd,tu,18/2/2020,11112236,bd.tu@gmail.com
16,Mrs,ppp,stu,3/4/2001,F,12345693,ppp.stu@hotmail.com,bbb,xy,99998903,friend,eg,vw,20/4/2022,11112237,eg.vw@hotmail.com
17,Mr,qqq,vwx,2/1/2002,M,12345694,qqq.vwx@gmail.com,ccc,rs,99998904,mother,fh,xy,20/6/2024,11112238,fh.xy@gmail.com
